"id","pais","tema","anio","texto"
1,"México","economia",2020,"El crecimiento económico del país ha sido sólido este año gracias a las exportaciones agrícolas y la inversión extranjera directa."
2,"Argentina","economia",2024,"La inflación sigue siendo un problema grave que afecta a las familias más vulnerables del país."
3,"Venezuela","economia",2021,"El gobierno anunció un nuevo plan de estímulo fiscal para reactivar la economía después de la pandemia."
4,"Brasil","economia",2024,"Las tasas de desempleo han alcanzado niveles históricos y el mercado laboral no muestra signos de recuperación."
5,"Brasil","economia",2022,"La política monetaria del banco central ha logrado estabilizar la moneda frente a las presiones externas."
6,"Bolivia","economia",2019,"Los acuerdos comerciales con Asia representan una oportunidad para diversificar nuestras exportaciones."
7,"Panamá","economia",2021,"La deuda externa del país ha crecido significativamente poniendo en riesgo la estabilidad fiscal."
8,"Nicaragua","economia",2019,"El sector tecnológico emerge como un nuevo motor de crecimiento económico en la región."
9,"Ecuador","economia",2018,"Las remesas de los emigrantes representan una fuente vital de ingresos para miles de familias."
10,"Panamá","economia",2024,"La informalidad laboral sigue siendo uno de los mayores desafíos económicos del continente."
11,"Perú","economia",2020,"Los programas de transferencia condicionada han demostrado ser efectivos para reducir la pobreza extrema."
12,"Argentina","economia",2018,"La inversión en infraestructura es insuficiente para sostener el desarrollo económico a largo plazo."
13,"Paraguay","educacion",2018,"La inversión en educación pública ha permitido aumentar la cobertura escolar en las zonas rurales."
14,"Chile","educacion",2022,"La brecha digital entre estudiantes urbanos y rurales se ha profundizado durante la pandemia."
15,"Brasil","educacion",2019,"El nuevo programa de becas universitarias beneficiará a miles de estudiantes de bajos recursos."
16,"República Dominicana","educacion",2019,"La calidad educativa en las escuelas públicas sigue siendo inferior a la de las instituciones privadas."
17,"Ecuador","educacion",2021,"Los docentes exigen mejores salarios y condiciones laborales para mejorar la enseñanza."
18,"Colombia","educacion",2019,"La educación técnica y profesional necesita mayor apoyo para formar trabajadores calificados."
19,"Guatemala","educacion",2024,"Las universidades públicas han implementado programas innovadores de educación a distancia."
20,"Costa Rica","educacion",2018,"El analfabetismo funcional afecta a millones de adultos en la región impidiendo su participación plena."
21,"Venezuela","educacion",2019,"Los programas de alimentación escolar han mejorado la asistencia y el rendimiento académico."
22,"México","educacion",2024,"La formación docente requiere una reforma urgente para adaptarse a las necesidades del siglo XXI."
23,"Chile","educacion",2018,"La educación bilingüe para comunidades indígenas ha avanzado pero aún es insuficiente."
24,"Guatemala","educacion",2022,"Las pruebas estandarizadas muestran que los estudiantes latinoamericanos están por debajo del promedio mundial."
25,"Panamá","seguridad",2019,"Las políticas de mano dura contra el crimen organizado no han logrado reducir la violencia en la región."
26,"El Salvador","seguridad",2023,"El gobierno ha implementado programas de prevención social para jóvenes en riesgo de violencia."
27,"Bolivia","seguridad",2021,"La tasa de homicidios ha disminuido por tercer año consecutivo gracias a las reformas policiales."
28,"Bolivia","seguridad",2024,"El narcotráfico sigue siendo la principal amenaza para la seguridad en América Central."
29,"Nicaragua","seguridad",2018,"La cooperación regional en materia de seguridad ha permitido desarticular redes criminales transnacionales."
30,"Colombia","seguridad",2022,"La violencia de género ha aumentado y los sistemas de justicia no responden adecuadamente."
31,"Brasil","seguridad",2018,"Las fuerzas de seguridad necesitan mayor capacitación en derechos humanos y uso proporcional de la fuerza."
32,"Nicaragua","seguridad",2019,"Los programas de justicia restaurativa han mostrado resultados prometedores en la reducción de la reincidencia."
33,"Nicaragua","seguridad",2022,"La corrupción policial sigue siendo un obstáculo para mejorar la seguridad ciudadana."
34,"Honduras","seguridad",2018,"Las cárceles están sobrepobladas y no cumplen su función de rehabilitación social."
35,"Argentina","seguridad",2019,"La extorsión a pequeños comerciantes es un problema creciente en las ciudades principales."
36,"Paraguay","seguridad",2021,"Los sistemas de emergencia y respuesta rápida han mejorado la atención a las víctimas de delitos."
37,"República Dominicana","salud",2023,"El sistema de salud pública ha sido fortalecido con nuevos hospitales y centros de atención primaria."
38,"Costa Rica","salud",2024,"La pandemia expuso las graves deficiencias del sistema sanitario en toda la región."
39,"Perú","salud",2023,"Los programas de vacunación han alcanzado coberturas históricas gracias a la coordinación internacional."
40,"Guatemala","salud",2019,"La desigualdad en el acceso a servicios de salud entre zonas urbanas y rurales es alarmante."
41,"Guatemala","salud",2021,"El gasto de bolsillo en salud empuja a millones de familias a la pobreza cada año."
42,"Guatemala","salud",2019,"La telemedicina ha emergido como una herramienta valiosa para llegar a comunidades remotas."
43,"Brasil","salud",2024,"Las enfermedades crónicas no transmisibles representan una carga creciente para los sistemas de salud."
44,"Venezuela","salud",2022,"La salud mental sigue siendo un tema desatendido en las políticas públicas de la región."
45,"México","salud",2018,"Los trabajadores de salud enfrentan condiciones precarias y salarios insuficientes."
46,"Uruguay","salud",2019,"La investigación biomédica en la región necesita mayor financiamiento y cooperación internacional."
47,"Brasil","salud",2024,"Los programas de salud materno-infantil han reducido significativamente la mortalidad neonatal."
48,"Colombia","salud",2018,"El acceso a medicamentos esenciales sigue siendo un desafío para las poblaciones más vulnerables."
49,"Bolivia","medioambiente",2019,"La deforestación en la Amazonia ha alcanzado niveles récord amenazando la biodiversidad global."
50,"Bolivia","medioambiente",2022,"Las energías renovables representan una oportunidad de desarrollo sostenible para la región."
51,"Argentina","medioambiente",2024,"Los incendios forestales han devastado miles de hectáreas de bosque nativo en los últimos años."
52,"México","medioambiente",2021,"La contaminación del agua afecta a comunidades rurales que dependen de fuentes naturales."
53,"Costa Rica","medioambiente",2019,"Los países de la región han asumido compromisos ambiciosos en la lucha contra el cambio climático."
54,"Costa Rica","medioambiente",2024,"La minería ilegal destruye ecosistemas frágiles y amenaza la salud de las comunidades locales."
55,"Guatemala","medioambiente",2018,"Los humedales y manglares están desapareciendo a un ritmo alarmante en toda la costa."
56,"Argentina","medioambiente",2024,"La transición energética requiere inversiones significativas en infraestructura y capacitación."
57,"Brasil","medioambiente",2023,"La agricultura sostenible puede reducir las emisiones de carbono sin sacrificar la productividad."
58,"Ecuador","medioambiente",2018,"Las comunidades indígenas son guardianes esenciales de la biodiversidad en la región."
59,"El Salvador","medioambiente",2024,"La gestión de residuos sólidos es deficiente en la mayoría de las ciudades latinoamericanas."
60,"Paraguay","medioambiente",2023,"Los eventos climáticos extremos son cada vez más frecuentes y afectan desproporcionadamente a los más pobres."
